P,P,C,1B,2B,3B,SS,OF,OF,OF,,Instructions
,,,,,,,,,,,1. Locate the player you want to select in the list below 
,,,,,,,,,,,2. Copy the ID of your player (you can use the Name + ID column or the ID column) 
,,,,,,,,,,,3. Paste the ID into the roster position desired 
,,,,,,,,,,,4. You must include an ID for each player; you cannot use just the player's name 
,,,,,,,,,,,5. You can create up to 500 lineups per file 
 
,,,,,,,,,,,Position,Name + ID,Name,ID,Roster Position,Salary,Game Info,TeamAbbrev,AvgPointsPerGame
,,,,,,,,,,,SP,Chris Sale (43212282),Chris Sale,43212282,P,10500,TOR@ATL 06/04/2026 07:15PM ET,ATL,24.67
,,,,,,,,,,,SP,Tyler Glasnow (43212514),Tyler Glasnow,43212514,P,10200,LAD@ARI 06/04/2026 09:40PM ET,LAD,22.21
,,,,,,,,,,,SP,Dylan Cease (43212517),Dylan Cease,43212517,P,10000,TOR@ATL 06/04/2026 07:15PM ET,TOR,22.43
,,,,,,,,,,,SP,Paul Skenes (43212515),Paul Skenes,43212515,P,10000,PIT@HOU 06/04/2026 08:10PM ET,PIT,19.55
,,,,,,,,,,,SP,Hunter Brown (43212516),Hunter Brown,43212516,P,10000,PIT@HOU 06/04/2026 08:10PM ET,HOU,26.7
,,,,,,,,,,,SP,Yoshinobu Yamamoto (43212518),Yoshinobu Yamamoto,43212518,P,9700,LAD@ARI 06/04/2026 09:40PM ET,LAD,20.62
,,,,,,,,,,,RP,Spencer Strider (43212519),Spencer Strider,43212519,P,9500,TOR@ATL 06/04/2026 07:15PM ET,ATL,18.72
,,,,,,,,,,,SP,Spencer Schwellenbach (43212520),Spencer Schwellenbach,43212520,P,9500,TOR@ATL 06/04/2026 07:15PM ET,ATL,0
,,,,,,,,,,,SP,Corbin Burnes (43212521),Corbin Burnes,43212521,P,9200,LAD@ARI 06/04/2026 09:40PM ET,ARI,0
,,,,,,,,,,,SP,Blake Snell (43212522),Blake Snell,43212522,P,9200,LAD@ARI 06/04/2026 09:40PM ET,LAD,3.95
,,,,,,,,,,,SP,Trey Yesavage (43212283),Trey Yesavage,43212283,P,9000,TOR@ATL 06/04/2026 07:15PM ET,TOR,17.84
,,,,,,,,,,,SP,Kevin Gausman (43212527),Kevin Gausman,43212527,P,9000,TOR@ATL 06/04/2026 07:15PM ET,TOR,17.26
,,,,,,,,,,,SP,Joe Ryan (43212524),Joe Ryan,43212524,P,9000,KC@MIN 06/04/2026 07:40PM ET,MIN,18.34
,,,,,,,,,,,SP,Taj Bradley (43212525),Taj Bradley,43212525,P,9000,KC@MIN 06/04/2026 07:40PM ET,MIN,18.12
,,,,,,,,,,,SP,Pablo Lopez (43212526),Pablo Lopez,43212526,P,9000,KC@MIN 06/04/2026 07:40PM ET,MIN,0
,,,,,,,,,,,SP,Spencer Arrighetti (43212523),Spencer Arrighetti,43212523,P,9000,PIT@HOU 06/04/2026 08:10PM ET,HOU,19.04
,,,,,,,,,,,SP,Cole Ragans (43212528),Cole Ragans,43212528,P,8900,KC@MIN 06/04/2026 07:40PM ET,KC,13.19
,,,,,,,,,,,SP,Kris Bubic (43212529),Kris Bubic,43212529,P,8900,KC@MIN 06/04/2026 07:40PM ET,KC,15.94
,,,,,,,,,,,RP,AJ Smith-Shawver (43212531),AJ Smith-Shawver,43212531,P,8500,TOR@ATL 06/04/2026 07:15PM ET,ATL,0
,,,,,,,,,,,SP,Hurston Waldrep (43212532),Hurston Waldrep,43212532,P,8500,TOR@ATL 06/04/2026 07:15PM ET,ATL,0
,,,,,,,,,,,SP,Bryce Elder (43212533),Bryce Elder,43212533,P,8500,TOR@ATL 06/04/2026 07:15PM ET,ATL,17.91
,,,,,,,,,,,RP,Braxton Ashcraft (43212534),Braxton Ashcraft,43212534,P,8500,PIT@HOU 06/04/2026 08:10PM ET,PIT,21.23
,,,,,,,,,,,SP,Shota Imanaga (43212284),Shota Imanaga,43212284,P,8500,ATH@CHC 06/04/2026 08:05PM ET,CHC,16.22
,,,,,,,,,,,SP,Justin Steele (43212530),Justin Steele,43212530,P,8500,ATH@CHC 06/04/2026 08:05PM ET,CHC,0
,,,,,,,,,,,SP,Michael Wacha (43212535),Michael Wacha,43212535,P,8400,KC@MIN 06/04/2026 07:40PM ET,KC,17.44
,,,,,,,,,,,SP,Justin Wrobleski (43212285),Justin Wrobleski,43212285,P,8200,LAD@ARI 06/04/2026 09:40PM ET,LAD,17
,,,,,,,,,,,SP,Merrill Kelly (43212536),Merrill Kelly,43212536,P,8200,LAD@ARI 06/04/2026 09:40PM ET,ARI,11.23
,,,,,,,,,,,SP,Emmet Sheehan (43212537),Emmet Sheehan,43212537,P,8200,LAD@ARI 06/04/2026 09:40PM ET,LAD,15.14
,,,,,,,,,,,SP,Roki Sasaki (43212538),Roki Sasaki,43212538,P,8200,LAD@ARI 06/04/2026 09:40PM ET,LAD,13.10
,,,,,,,,,,,SP,Jose Berrios (43212546),Jose Berrios,43212546,P,8000,TOR@ATL 06/04/2026 07:15PM ET,TOR,0
,,,,,,,,,,,SP,Shane Bieber (43212547),Shane Bieber,43212547,P,8000,TOR@ATL 06/04/2026 07:15PM ET,TOR,0
,,,,,,,,,,,SP,Zebby Matthews (43212541),Zebby Matthews,43212541,P,8000,KC@MIN 06/04/2026 07:40PM ET,MIN,16.22
,,,,,,,,,,,SP,Mick Abel (43212542),Mick Abel,43212542,P,8000,KC@MIN 06/04/2026 07:40PM ET,MIN,14.19
,,,,,,,,,,,SP,Ronel Blanco (43212539),Ronel Blanco,43212539,P,8000,PIT@HOU 06/04/2026 08:10PM ET,HOU,0
,,,,,,,,,,,SP,Peter Lambert (43212540),Peter Lambert,43212540,P,8000,PIT@HOU 06/04/2026 08:10PM ET,HOU,16.32
,,,,,,,,,,,RP,Ben Brown (43212543),Ben Brown,43212543,P,8000,ATH@CHC 06/04/2026 08:05PM ET,CHC,10.52
,,,,,,,,,,,SP,Edward Cabrera (43212544),Edward Cabrera,43212544,P,8000,ATH@CHC 06/04/2026 08:05PM ET,CHC,13.51
,,,,,,,,,,,SP,Matthew Boyd (43212545),Matthew Boyd,43212545,P,8000,ATH@CHC 06/04/2026 08:05PM ET,CHC,14.68
,,,,,,,,,,,RP,Seth Lugo (43212286),Seth Lugo,43212286,P,7900,KC@MIN 06/04/2026 07:40PM ET,KC,14.46
,,,,,,,,,,,RP,Stephen Kolek (43212548),Stephen Kolek,43212548,P,7900,KC@MIN 06/04/2026 07:40PM ET,KC,17.62
,,,,,,,,,,,SP,Noah Cameron (43212549),Noah Cameron,43212549,P,7900,KC@MIN 06/04/2026 07:40PM ET,KC,13.93
,,,,,,,,,,,SP,Michael Soroka (43212550),Michael Soroka,43212550,P,7700,LAD@ARI 06/04/2026 09:40PM ET,ARI,17.36
,,,,,,,,,,,SP,Eduardo Rodriguez (43212551),Eduardo Rodriguez,43212551,P,7700,LAD@ARI 06/04/2026 09:40PM ET,ARI,16.60
,,,,,,,,,,,RP,J.T. Ginn (43212287),J.T. Ginn,43212287,P,7700,ATH@CHC 06/04/2026 08:05PM ET,ATH,13.24
,,,,,,,,,,,SP,Gage Jump (43212552),Gage Jump,43212552,P,7700,ATH@CHC 06/04/2026 08:05PM ET,ATH,15.7
,,,,,,,,,,,RP,Jeffrey Springs (43212553),Jeffrey Springs,43212553,P,7700,ATH@CHC 06/04/2026 08:05PM ET,ATH,12.93
,,,,,,,,,,,RP,Grant Holmes (43212557),Grant Holmes,43212557,P,7500,TOR@ATL 06/04/2026 07:15PM ET,ATL,13.95
,,,,,,,,,,,RP,Reynaldo Lopez (43212559),Reynaldo Lopez,43212559,P,7500,TOR@ATL 06/04/2026 07:15PM ET,ATL,7.28
,,,,,,,,,,,SP,JR Ritchie (43212560),JR Ritchie,43212560,P,7500,TOR@ATL 06/04/2026 07:15PM ET,ATL,10.23
,,,,,,,,,,,RP,Martin Perez (43212561),Martin Perez,43212561,P,7500,TOR@ATL 06/04/2026 07:15PM ET,ATL,12.17
,,,,,,,,,,,SP,Jared Jones (43212288),Jared Jones,43212288,P,7500,PIT@HOU 06/04/2026 08:10PM ET,PIT,6.35
,,,,,,,,,,,SP,Brandon Walter (43212554),Brandon Walter,43212554,P,7500,PIT@HOU 06/04/2026 08:10PM ET,HOU,0
,,,,,,,,,,,SP,Mike Burrows (43212555),Mike Burrows,43212555,P,7500,PIT@HOU 06/04/2026 08:10PM ET,HOU,10.75
,,,,,,,,,,,SP,Lance McCullers Jr. (43212556),Lance McCullers Jr.,43212556,P,7500,PIT@HOU 06/04/2026 08:10PM ET,HOU,10.74
,,,,,,,,,,,SP,Mitch Keller (43212558),Mitch Keller,43212558,P,7500,PIT@HOU 06/04/2026 08:10PM ET,PIT,13.33
,,,,,,,,,,,SP,Cody Ponce (43212565),Cody Ponce,43212565,P,7000,TOR@ATL 06/04/2026 07:15PM ET,TOR,8.05
,,,,,,,,,,,SP,Max Scherzer (43212566),Max Scherzer,43212566,P,7000,TOR@ATL 06/04/2026 07:15PM ET,TOR,1.48
,,,,,,,,,,,SP,Patrick Corbin (43212567),Patrick Corbin,43212567,P,7000,TOR@ATL 06/04/2026 07:15PM ET,TOR,9.90
,,,,,,,,,,,SP,Connor Prielipp (43212562),Connor Prielipp,43212562,P,7000,KC@MIN 06/04/2026 07:40PM ET,MIN,12.69
,,,,,,,,,,,SP,David Festa (43212563),David Festa,43212563,P,7000,KC@MIN 06/04/2026 07:40PM ET,MIN,0
,,,,,,,,,,,SP,Bailey Ober (43212564),Bailey Ober,43212564,P,7000,KC@MIN 06/04/2026 07:40PM ET,MIN,12.77
,,,,,,,,,,,RP,Ryan Bergert (43212568),Ryan Bergert,43212568,P,6900,KC@MIN 06/04/2026 07:40PM ET,KC,0
,,,,,,,,,,,SP,Luis Morales (43212569),Luis Morales,43212569,P,6700,ATH@CHC 06/04/2026 08:05PM ET,ATH,-4.33
,,,,,,,,,,,RP,Jack Perkins (43212570),Jack Perkins,43212570,P,6700,ATH@CHC 06/04/2026 08:05PM ET,ATH,4.65
,,,,,,,,,,,SP,Luis Medina (43212571),Luis Medina,43212571,P,6700,ATH@CHC 06/04/2026 08:05PM ET,ATH,4.35
,,,,,,,,,,,SP,Luis Severino (43212572),Luis Severino,43212572,P,6700,ATH@CHC 06/04/2026 08:05PM ET,ATH,13.72
,,,,,,,,,,,RP,Aaron Civale (43212573),Aaron Civale,43212573,P,6700,ATH@CHC 06/04/2026 08:05PM ET,ATH,11.04
,,,,,,,,,,,RP,Jacob Lopez (43212574),Jacob Lopez,43212574,P,6700,ATH@CHC 06/04/2026 08:05PM ET,ATH,6.18
,,,,,,,,,,,1B/OF,Shohei Ohtani (43212292),Shohei Ohtani,43212292,1B/OF,6500,LAD@ARI 06/04/2026 09:40PM ET,LAD,9.48
,,,,,,,,,,,RP,Kai-Wei Teng (43212289),Kai-Wei Teng,43212289,P,6500,PIT@HOU 06/04/2026 08:10PM ET,HOU,7.76
,,,,,,,,,,,RP,Jason Alexander (43212575),Jason Alexander,43212575,P,6500,PIT@HOU 06/04/2026 08:10PM ET,HOU,4.31
,,,,,,,,,,,SP,Antwone Kelly (43212578),Antwone Kelly,43212578,P,6500,PIT@HOU 06/04/2026 08:10PM ET,PIT,0
,,,,,,,,,,,SP,Jose Urquidy (43212579),Jose Urquidy,43212579,P,6500,PIT@HOU 06/04/2026 08:10PM ET,PIT,0.81
,,,,,,,,,,,RP,Hunter Barco (43212580),Hunter Barco,43212580,P,6500,PIT@HOU 06/04/2026 08:10PM ET,PIT,1.45
,,,,,,,,,,,RP,Wilber Dotel (43212581),Wilber Dotel,43212581,P,6500,PIT@HOU 06/04/2026 08:10PM ET,PIT,9.19
,,,,,,,,,,,SP,Thomas Harrington (43212582),Thomas Harrington,43212582,P,6500,PIT@HOU 06/04/2026 08:10PM ET,PIT,0
,,,,,,,,,,,SP,Miguel Ullola (43212583),Miguel Ullola,43212583,P,6500,PIT@HOU 06/04/2026 08:10PM ET,HOU,0
,,,,,,,,,,,RP,Nate Pearson (43212584),Nate Pearson,43212584,P,6500,PIT@HOU 06/04/2026 08:10PM ET,HOU,1.94
,,,,,,,,,,,RP,AJ Blubaugh (43212585),AJ Blubaugh,43212585,P,6500,PIT@HOU 06/04/2026 08:10PM ET,HOU,3.73
,,,,,,,,,,,RP,Hayden Wesneski (43212586),Hayden Wesneski,43212586,P,6500,PIT@HOU 06/04/2026 08:10PM ET,HOU,0
,,,,,,,,,,,SP,Bubba Chandler (43212587),Bubba Chandler,43212587,P,6500,PIT@HOU 06/04/2026 08:10PM ET,PIT,10.84
,,,,,,,,,,,SP,Cristian Javier (43212588),Cristian Javier,43212588,P,6500,PIT@HOU 06/04/2026 08:10PM ET,HOU,-3.8
,,,,,,,,,,,SP,Colton Gordon (43212589),Colton Gordon,43212589,P,6500,PIT@HOU 06/04/2026 08:10PM ET,HOU,1
,,,,,,,,,,,SP,Tatsuya Imai (43212590),Tatsuya Imai,43212590,P,6500,PIT@HOU 06/04/2026 08:10PM ET,HOU,9.74
,,,,,,,,,,,RP,Ryan Weiss (43212591),Ryan Weiss,43212591,P,6500,PIT@HOU 06/04/2026 08:10PM ET,HOU,4.61
,,,,,,,,,,,RP,Carmen Mlodzinski (43212593),Carmen Mlodzinski,43212593,P,6500,PIT@HOU 06/04/2026 08:10PM ET,PIT,12.52
,,,,,,,,,,,SP,Jameson Taillon (43212576),Jameson Taillon,43212576,P,6500,ATH@CHC 06/04/2026 08:05PM ET,CHC,12.03
,,,,,,,,,,,SP,Cade Horton (43212577),Cade Horton,43212577,P,6500,ATH@CHC 06/04/2026 08:05PM ET,CHC,10.45
,,,,,,,,,,,RP,Colin Rea (43212592),Colin Rea,43212592,P,6500,ATH@CHC 06/04/2026 08:05PM ET,CHC,11.5
,,,,,,,,,,,SP,Ryne Nelson (43212290),Ryne Nelson,43212290,P,6200,LAD@ARI 06/04/2026 09:40PM ET,ARI,11.75
,,,,,,,,,,,SP,Yilber Diaz (43212594),Yilber Diaz,43212594,P,6200,LAD@ARI 06/04/2026 09:40PM ET,ARI,0
,,,,,,,,,,,SP,Brandon Pfaadt (43212595),Brandon Pfaadt,43212595,P,6200,LAD@ARI 06/04/2026 09:40PM ET,ARI,4.42
,,,,,,,,,,,OF,Oneil Cruz (43212294),Oneil Cruz,43212294,OF,6200,PIT@HOU 06/04/2026 08:10PM ET,PIT,10.73
,,,,,,,,,,,SP,Marco Raya (43212291),Marco Raya,43212291,P,6000,KC@MIN 06/04/2026 07:40PM ET,MIN,0
,,,,,,,,,,,RP,Mike Paredes (43212596),Mike Paredes,43212596,P,6000,KC@MIN 06/04/2026 07:40PM ET,MIN,9.25
,,,,,,,,,,,RP,Kendry Rojas (43212597),Kendry Rojas,43212597,P,6000,KC@MIN 06/04/2026 07:40PM ET,MIN,9.41
,,,,,,,,,,,OF,Yordan Alvarez (43212295),Yordan Alvarez,43212295,OF,6000,PIT@HOU 06/04/2026 08:10PM ET,HOU,10.47
,,,,,,,,,,,OF,Byron Buxton (43212296),Byron Buxton,43212296,OF,5900,KC@MIN 06/04/2026 07:40PM ET,MIN,9.64
,,,,,,,,,,,SP,Alec Marsh (43212598),Alec Marsh,43212598,P,5900,KC@MIN 06/04/2026 07:40PM ET,KC,0
,,,,,,,,,,,SP,Ben Kudrna (43212599),Ben Kudrna,43212599,P,5900,KC@MIN 06/04/2026 07:40PM ET,KC,0
,,,,,,,,,,,SP,Steven Zobac (43212600),Steven Zobac,43212600,P,5900,KC@MIN 06/04/2026 07:40PM ET,KC,0
,,,,,,,,,,,RP,Mitch Spence (43212601),Mitch Spence,43212601,P,5900,KC@MIN 06/04/2026 07:40PM ET,KC,-2.4
,,,,,,,,,,,RP,Daniel Lynch IV (43212602),Daniel Lynch IV,43212602,P,5900,KC@MIN 06/04/2026 07:40PM ET,KC,3.88
,,,,,,,,,,,RP,Mason Black (43212603),Mason Black,43212603,P,5900,KC@MIN 06/04/2026 07:40PM ET,KC,3.76
,,,,,,,,,,,RP,Luinder Avila (43212604),Luinder Avila,43212604,P,5900,KC@MIN 06/04/2026 07:40PM ET,KC,5.48
,,,,,,,,,,,SS,Bobby Witt Jr. (43212297),Bobby Witt Jr.,43212297,SS,5800,KC@MIN 06/04/2026 07:40PM ET,KC,9.34
,,,,,,,,,,,SP,Zac Gallen (43212605),Zac Gallen,43212605,P,5700,LAD@ARI 06/04/2026 09:40PM ET,ARI,8.21
,,,,,,,,,,,SP,Gavin Stone (43212607),Gavin Stone,43212607,P,5700,LAD@ARI 06/04/2026 09:40PM ET,LAD,0
,,,,,,,,,,,SP,River Ryan (43212608),River Ryan,43212608,P,5700,LAD@ARI 06/04/2026 09:40PM ET,LAD,0
,,,,,,,,,,,SP,Bobby Miller (43212609),Bobby Miller,43212609,P,5700,LAD@ARI 06/04/2026 09:40PM ET,LAD,0
,,,,,,,,,,,RP,Chayce McDermott (43212610),Chayce McDermott,43212610,P,5700,LAD@ARI 06/04/2026 09:40PM ET,LAD,3.65
,,,,,,,,,,,SP,Landon Knack (43212611),Landon Knack,43212611,P,5700,LAD@ARI 06/04/2026 09:40PM ET,LAD,0
,,,,,,,,,,,RP,Eric Lauer (43212615),Eric Lauer,43212615,P,5700,LAD@ARI 06/04/2026 09:40PM ET,LAD,7.68
,,,,,,,,,,,2B,Brandon Lowe (43212298),Brandon Lowe,43212298,2B,5700,PIT@HOU 06/04/2026 08:10PM ET,PIT,9.16
,,,,,,,,,,,SP,Gunnar Hoglund (43212606),Gunnar Hoglund,43212606,P,5700,ATH@CHC 06/04/2026 08:05PM ET,ATH,0
,,,,,,,,,,,SP,Joey Estes (43212612),Joey Estes,43212612,P,5700,ATH@CHC 06/04/2026 08:05PM ET,ATH,0
,,,,,,,,,,,RP,Jose Suarez (43212613),Jose Suarez,43212613,P,5700,ATH@CHC 06/04/2026 08:05PM ET,ATH,3.69
,,,,,,,,,,,RP,Hogan Harris (43212614),Hogan Harris,43212614,P,5700,ATH@CHC 06/04/2026 08:05PM ET,ATH,3.11
,,,,,,,,,,,OF,Ronald Acuna Jr. (43212299),Ronald Acuna Jr.,43212299,OF,5600,TOR@ATL 06/04/2026 07:15PM ET,ATL,9.23
,,,,,,,,,,,OF,Andy Pages (43212300),Andy Pages,43212300,OF,5500,LAD@ARI 06/04/2026 09:40PM ET,LAD,9.34
,,,,,,,,,,,RP,Joey Wentz (43212616),Joey Wentz,43212616,P,5500,TOR@ATL 06/04/2026 07:15PM ET,ATL,0
,,,,,,,,,,,SP,Jake Bloss (43212617),Jake Bloss,43212617,P,5500,TOR@ATL 06/04/2026 07:15PM ET,TOR,0
,,,,,,,,,,,SP,Ricky Tiedemann (43212618),Ricky Tiedemann,43212618,P,5500,TOR@ATL 06/04/2026 07:15PM ET,TOR,0
,,,,,,,,,,,SP,Yariel Rodriguez (43212619),Yariel Rodriguez,43212619,P,5500,TOR@ATL 06/04/2026 07:15PM ET,TOR,0.94
,,,,,,,,,,,RP,Victor Mederos (43212620),Victor Mederos,43212620,P,5500,TOR@ATL 06/04/2026 07:15PM ET,ATL,3.9
,,,,,,,,,,,RP,Didier Fuentes (43212621),Didier Fuentes,43212621,P,5500,TOR@ATL 06/04/2026 07:15PM ET,ATL,6.05
,,,,,,,,,,,RP,Spencer Miles (43212622),Spencer Miles,43212622,P,5500,TOR@ATL 06/04/2026 07:15PM ET,TOR,6.53
,,,,,,,,,,,SP,Adam Macko (43212623),Adam Macko,43212623,P,5500,TOR@ATL 06/04/2026 07:15PM ET,TOR,2.77
,,,,,,,,,,,RP,Lazaro Estrada (43212624),Lazaro Estrada,43212624,P,5500,TOR@ATL 06/04/2026 07:15PM ET,TOR,13.8
,,,,,,,,,,,SP,Carlos Carrasco (43212625),Carlos Carrasco,43212625,P,5500,TOR@ATL 06/04/2026 07:15PM ET,ATL,4.08
,,,,,,,,,,,RP,Austin Voth (43212628),Austin Voth,43212628,P,5500,TOR@ATL 06/04/2026 07:15PM ET,TOR,-2.15
,,,,,,,,,,,SP,Javier Assad (43212626),Javier Assad,43212626,P,5500,ATH@CHC 06/04/2026 08:05PM ET,CHC,5.59
,,,,,,,,,,,SP,Jordan Wicks (43212627),Jordan Wicks,43212627,P,5500,ATH@CHC 06/04/2026 08:05PM ET,CHC,-2.38
,,,,,,,,,,,OF,Corbin Carroll (43212301),Corbin Carroll,43212301,OF,5400,LAD@ARI 06/04/2026 09:40PM ET,ARI,9.31
,,,,,,,,,,,1B,Nick Kurtz (43212302),Nick Kurtz,43212302,1B,5300,ATH@CHC 06/04/2026 08:05PM ET,ATH,10.07
,,,,,,,,,,,2B,Ketel Marte (43212303),Ketel Marte,43212303,2B,5200,LAD@ARI 06/04/2026 09:40PM ET,ARI,8.12
,,,,,,,,,,,C,Shea Langeliers (43212304),Shea Langeliers,43212304,C,5100,ATH@CHC 06/04/2026 08:05PM ET,ATH,9.13
,,,,,,,,,,,1B,Freddie Freeman (43212305),Freddie Freeman,43212305,1B,5000,LAD@ARI 06/04/2026 09:40PM ET,LAD,8.24
,,,,,,,,,,,RP,Mason Fluharty (43212629),Mason Fluharty,43212629,P,5000,TOR@ATL 06/04/2026 07:15PM ET,TOR,2.62
,,,,,,,,,,,RP,Yoendrys Gomez (43212630),Yoendrys Gomez,43212630,P,5000,KC@MIN 06/04/2026 07:40PM ET,MIN,3.23
,,,,,,,,,,,RP,Travis Adams (43212631),Travis Adams,43212631,P,5000,KC@MIN 06/04/2026 07:40PM ET,MIN,3.07
,,,,,,,,,,,1B,Matt Olson (43212306),Matt Olson,43212306,1B,4900,TOR@ATL 06/04/2026 07:15PM ET,ATL,9.68
,,,,,,,,,,,OF,Kyle Tucker (43212307),Kyle Tucker,43212307,OF,4800,LAD@ARI 06/04/2026 09:40PM ET,LAD,7.70
,,,,,,,,,,,C,Drake Baldwin (43212438),Drake Baldwin,43212438,C,4800,TOR@ATL 06/04/2026 07:15PM ET,ATL,10.15
,,,,,,,,,,,C,Ryan Jeffers (43212439),Ryan Jeffers,43212439,C,4700,KC@MIN 06/04/2026 07:40PM ET,MIN,8.92
,,,,,,,,,,,1B/OF,Ryan O'Hearn (43212309),Ryan O'Hearn,43212309,1B/OF,4700,PIT@HOU 06/04/2026 08:10PM ET,PIT,8.13
,,,,,,,,,,,OF,Pete Crow-Armstrong (43212308),Pete Crow-Armstrong,43212308,OF,4700,ATH@CHC 06/04/2026 08:05PM ET,CHC,7.89
,,,,,,,,,,,2B,Ozzie Albies (43212311),Ozzie Albies,43212311,2B,4600,TOR@ATL 06/04/2026 07:15PM ET,ATL,7.87
,,,,,,,,,,,OF,Seiya Suzuki (43212312),Seiya Suzuki,43212312,OF,4600,ATH@CHC 06/04/2026 08:05PM ET,CHC,7.04
,,,,,,,,,,,3B,Max Muncy (43212313),Max Muncy,43212313,3B,4500,LAD@ARI 06/04/2026 09:40PM ET,LAD,7.70
,,,,,,,,,,,1B,Vladimir Guerrero Jr. (43212314),Vladimir Guerrero Jr.,43212314,1B,4500,TOR@ATL 06/04/2026 07:15PM ET,TOR,7.38
,,,,,,,,,,,OF,Bryan Reynolds (43212315),Bryan Reynolds,43212315,OF,4500,PIT@HOU 06/04/2026 08:10PM ET,PIT,8.5
,,,,,,,,,,,SS,Mookie Betts (43212317),Mookie Betts,43212317,SS,4400,LAD@ARI 06/04/2026 09:40PM ET,LAD,6.96
,,,,,,,,,,,OF,Brent Rooker (43212316),Brent Rooker,43212316,OF,4400,ATH@CHC 06/04/2026 08:05PM ET,ATH,6.74
,,,,,,,,,,,1B,Michael Busch (43212318),Michael Busch,43212318,1B,4400,ATH@CHC 06/04/2026 08:05PM ET,CHC,7.46
,,,,,,,,,,,OF,Teoscar Hernandez (43212440),Teoscar Hernandez,43212440,OF,4300,LAD@ARI 06/04/2026 09:40PM ET,LAD,7.63
,,,,,,,,,,,OF,Michael Harris II (43212320),Michael Harris II,43212320,OF,4300,TOR@ATL 06/04/2026 07:15PM ET,ATL,7.90
,,,,,,,,,,,3B,Maikel Garcia (43212321),Maikel Garcia,43212321,3B,4300,KC@MIN 06/04/2026 07:40PM ET,KC,7.04
,,,,,,,,,,,1B,Christian Walker (43212319),Christian Walker,43212319,1B,4300,PIT@HOU 06/04/2026 08:10PM ET,HOU,8.34
,,,,,,,,,,,C,Dalton Rushing (43212323),Dalton Rushing,43212323,C,4200,LAD@ARI 06/04/2026 09:40PM ET,LAD,6.72
,,,,,,,,,,,OF,George Springer (43212324),George Springer,43212324,OF,4200,TOR@ATL 06/04/2026 07:15PM ET,TOR,6.32
,,,,,,,,,,,SS,Konnor Griffin (43212441),Konnor Griffin,43212441,SS,4200,PIT@HOU 06/04/2026 08:10PM ET,PIT,8.18
,,,,,,,,,,,2B,Nico Hoerner (43212322),Nico Hoerner,43212322,2B,4200,ATH@CHC 06/04/2026 08:05PM ET,CHC,7.97
,,,,,,,,,,,3B,Austin Riley (43212326),Austin Riley,43212326,3B,4100,TOR@ATL 06/04/2026 07:15PM ET,ATL,6.64
,,,,,,,,,,,OF,Tyler Soderstrom (43212325),Tyler Soderstrom,43212325,OF,4100,ATH@CHC 06/04/2026 08:05PM ET,ATH,7.02
,,,,,,,,,,,RP,Justin Topa (43212714),Justin Topa,43212714,P,4000,TOR@ATL 06/04/2026 07:15PM ET,TOR,0.41
,,,,,,,,,,,C,Will Smith (43212328),Will Smith,43212328,C,4000,LAD@ARI 06/04/2026 09:40PM ET,LAD,6.28
,,,,,,,,,,,SS,Geraldo Perdomo (43212330),Geraldo Perdomo,43212330,SS,4000,LAD@ARI 06/04/2026 09:40PM ET,ARI,6.78
,,,,,,,,,,,RP,Ronan Kopp (43212632),Ronan Kopp,43212632,P,4000,LAD@ARI 06/04/2026 09:40PM ET,LAD,0
,,,,,,,,,,,SP,Mitch Bratt (43212633),Mitch Bratt,43212633,P,4000,LAD@ARI 06/04/2026 09:40PM ET,ARI,0
,,,,,,,,,,,RP,Blake Walston (43212637),Blake Walston,43212637,P,4000,LAD@ARI 06/04/2026 09:40PM ET,ARI,0
,,,,,,,,,,,SP,Dylan Ray (43212641),Dylan Ray,43212641,P,4000,LAD@ARI 06/04/2026 09:40PM ET,ARI,0
,,,,,,,,,,,RP,Jake Cousins (43212642),Jake Cousins,43212642,P,4000,LAD@ARI 06/04/2026 09:40PM ET,LAD,0
,,,,,,,,,,,SP,Kohl Drake (43212643),Kohl Drake,43212643,P,4000,LAD@ARI 06/04/2026 09:40PM ET,ARI,0
,,,,,,,,,,,RP,Brusdar Graterol (43212644),Brusdar Graterol,43212644,P,4000,LAD@ARI 06/04/2026 09:40PM ET,LAD,0
,,,,,,,,,,,RP,Taylor Clarke (43212652),Taylor Clarke,43212652,P,4000,LAD@ARI 06/04/2026 09:40PM ET,ARI,2.48
,,,,,,,,,,,RP,Kade Strowd (43212656),Kade Strowd,43212656,P,4000,LAD@ARI 06/04/2026 09:40PM ET,ARI,0
,,,,,,,,,,,RP,Wyatt Mills (43212662),Wyatt Mills,43212662,P,4000,LAD@ARI 06/04/2026 09:40PM ET,LAD,-0.78
,,,,,,,,,,,RP,Jake Eder (43212666),Jake Eder,43212666,P,4000,LAD@ARI 06/04/2026 09:40PM ET,LAD,2.65
,,,,,,,,,,,RP,Jonathan Loaisiga (43212668),Jonathan Loaisiga,43212668,P,4000,LAD@ARI 06/04/2026 09:40PM ET,ARI,2.01
,,,,,,,,,,,RP,Charlie Barnes (43212669),Charlie Barnes,43212669,P,4000,LAD@ARI 06/04/2026 09:40PM ET,LAD,1.08
,,,,,,,,,,,RP,A.J. Puk (43212670),A.J. Puk,43212670,P,4000,LAD@ARI 06/04/2026 09:40PM ET,ARI,0
,,,,,,,,,,,RP,Jordan Weems (43212672),Jordan Weems,43212672,P,4000,LAD@ARI 06/04/2026 09:40PM ET,LAD,0
,,,,,,,,,,,RP,Tanner Scott (43212676),Tanner Scott,43212676,P,4000,LAD@ARI 06/04/2026 09:40PM ET,LAD,3.59
,,,,,,,,,,,RP,Jack Dreyer (43212682),Jack Dreyer,43212682,P,4000,LAD@ARI 06/04/2026 09:40PM ET,LAD,3.68
,,,,,,,,,,,RP,Ben Casparius (43212689),Ben Casparius,43212689,P,4000,LAD@ARI 06/04/2026 09:40PM ET,LAD,0.5
,,,,,,,,,,,RP,Juan Morillo (43212690),Juan Morillo,43212690,P,4000,LAD@ARI 06/04/2026 09:40PM ET,ARI,3.44
,,,,,,,,,,,RP,Taylor Rashi (43212691),Taylor Rashi,43212691,P,4000,LAD@ARI 06/04/2026 09:40PM ET,ARI,3.28
,,,,,,,,,,,RP,Blake Treinen (43212692),Blake Treinen,43212692,P,4000,LAD@ARI 06/04/2026 09:40PM ET,LAD,2.53
,,,,,,,,,,,RP,Kyle Hurt (43212694),Kyle Hurt,43212694,P,4000,LAD@ARI 06/04/2026 09:40PM ET,LAD,3.61
,,,,,,,,,,,RP,Brandyn Garcia (43212695),Brandyn Garcia,43212695,P,4000,LAD@ARI 06/04/2026 09:40PM ET,ARI,2.84
,,,,,,,,,,,RP,Brock Stewart (43212697),Brock Stewart,43212697,P,4000,LAD@ARI 06/04/2026 09:40PM ET,LAD,4.95
,,,,,,,,,,,RP,Evan Phillips (43212698),Evan Phillips,43212698,P,4000,LAD@ARI 06/04/2026 09:40PM ET,LAD,0
,,,,,,,,,,,SP,Cristian Mena (43212701),Cristian Mena,43212701,P,4000,LAD@ARI 06/04/2026 09:40PM ET,ARI,0
,,,,,,,,,,,RP,Drey Jameson (43212704),Drey Jameson,43212704,P,4000,LAD@ARI 06/04/2026 09:40PM ET,ARI,0
,,,,,,,,,,,RP,Paul Sewald (43212715),Paul Sewald,43212715,P,4000,LAD@ARI 06/04/2026 09:40PM ET,ARI,2.96
,,,,,,,,,,,RP,Philip Abner (43212716),Philip Abner,43212716,P,4000,LAD@ARI 06/04/2026 09:40PM ET,ARI,2.05
,,,,,,,,,,,RP,Justin Martinez (43212719),Justin Martinez,43212719,P,4000,LAD@ARI 06/04/2026 09:40PM ET,ARI,0
,,,,,,,,,,,RP,Jonathan Hernandez (43212723),Jonathan Hernandez,43212723,P,4000,LAD@ARI 06/04/2026 09:40PM ET,LAD,6.04
,,,,,,,,,,,RP,Andrew Saalfrank (43212726),Andrew Saalfrank,43212726,P,4000,LAD@ARI 06/04/2026 09:40PM ET,ARI,0
,,,,,,,,,,,RP,Juan Burgos (43212734),Juan Burgos,43212734,P,4000,LAD@ARI 06/04/2026 09:40PM ET,ARI,0
,,,,,,,,,,,RP,Paul Gervase (43212741),Paul Gervase,43212741,P,4000,LAD@ARI 06/04/2026 09:40PM ET,LAD,7.52
,,,,,,,,,,,RP,Will Klein (43212743),Will Klein,43212743,P,4000,LAD@ARI 06/04/2026 09:40PM ET,LAD,4.25
,,,,,,,,,,,RP,Ryan Thompson (43212744),Ryan Thompson,43212744,P,4000,LAD@ARI 06/04/2026 09:40PM ET,ARI,2.15
,,,,,,,,,,,RP,Kevin Ginkel (43212754),Kevin Ginkel,43212754,P,4000,LAD@ARI 06/04/2026 09:40PM ET,ARI,3.30
,,,,,,,,,,,RP,Edwin Diaz (43212756),Edwin Diaz,43212756,P,4000,LAD@ARI 06/04/2026 09:40PM ET,LAD,2.07
,,,,,,,,,,,RP,Andrew Hoffmann (43212757),Andrew Hoffmann,43212757,P,4000,LAD@ARI 06/04/2026 09:40PM ET,ARI,2.08
,,,,,,,,,,,RP,Edgardo Henriquez (43212762),Edgardo Henriquez,43212762,P,4000,LAD@ARI 06/04/2026 09:40PM ET,LAD,3.04
,,,,,,,,,,,RP,Alex Vesia (43212763),Alex Vesia,43212763,P,4000,LAD@ARI 06/04/2026 09:40PM ET,LAD,3.24
,,,,,,,,,,,RP,John Curtiss (43212769),John Curtiss,43212769,P,4000,LAD@ARI 06/04/2026 09:40PM ET,ARI,0
,,,,,,,,,,,1B/OF,Dominic Smith (43212331),Dominic Smith,43212331,1B/OF,4000,TOR@ATL 06/04/2026 07:15PM ET,ATL,5.67
,,,,,,,,,,,RP,Joe Jimenez (43212635),Joe Jimenez,43212635,P,4000,TOR@ATL 06/04/2026 07:15PM ET,ATL,0
,,,,,,,,,,,RP,Hayden Juenger (43212636),Hayden Juenger,43212636,P,4000,TOR@ATL 06/04/2026 07:15PM ET,TOR,-1.95
,,,,,,,,,,,RP,Jhancarlos Lara (43212647),Jhancarlos Lara,43212647,P,4000,TOR@ATL 06/04/2026 07:15PM ET,ATL,0
,,,,,,,,,,,RP,Bowden Francis (43212648),Bowden Francis,43212648,P,4000,TOR@ATL 06/04/2026 07:15PM ET,TOR,0
,,,,,,,,,,,RP,Anthony Molina (43212649),Anthony Molina,43212649,P,4000,TOR@ATL 06/04/2026 07:15PM ET,ATL,3.9
,,,,,,,,,,,RP,Daysbel Hernandez (43212655),Daysbel Hernandez,43212655,P,4000,TOR@ATL 06/04/2026 07:15PM ET,ATL,0
,,,,,,,,,,,RP,Robert Suarez (43212663),Robert Suarez,43212663,P,4000,TOR@ATL 06/04/2026 07:15PM ET,ATL,4.07
,,,,,,,,,,,RP,Braydon Fisher (43212664),Braydon Fisher,43212664,P,4000,TOR@ATL 06/04/2026 07:15PM ET,TOR,3.68
,,,,,,,,,,,RP,Chase Lee (43212671),Chase Lee,43212671,P,4000,TOR@ATL 06/04/2026 07:15PM ET,TOR,-0.03
,,,,,,,,,,,RP,Jeff Hoffman (43212675),Jeff Hoffman,43212675,P,4000,TOR@ATL 06/04/2026 07:15PM ET,TOR,3.53
,,,,,,,,,,,RP,Raisel Iglesias (43212678),Raisel Iglesias,43212678,P,4000,TOR@ATL 06/04/2026 07:15PM ET,ATL,3.99
,,,,,,,,,,,RP,Connor Seabold (43212680),Connor Seabold,43212680,P,4000,TOR@ATL 06/04/2026 07:15PM ET,TOR,3.34
,,,,,,,,,,,RP,Brendon Little (43212687),Brendon Little,43212687,P,4000,TOR@ATL 06/04/2026 07:15PM ET,TOR,-1.51
,,,,,,,,,,,RP,Yimi Garcia (43212703),Yimi Garcia,43212703,P,4000,TOR@ATL 06/04/2026 07:15PM ET,TOR,0
,,,,,,,,,,,RP,Tommy Nance (43212705),Tommy Nance,43212705,P,4000,TOR@ATL 06/04/2026 07:15PM ET,TOR,3.24
,,,,,,,,,,,RP,Tyler Rogers (43212711),Tyler Rogers,43212711,P,4000,TOR@ATL 06/04/2026 07:15PM ET,TOR,2.29
,,,,,,,,,,,RP,Rolddy Munoz (43212724),Rolddy Munoz,43212724,P,4000,TOR@ATL 06/04/2026 07:15PM ET,ATL,0.9
,,,,,,,,,,,RP,Hunter Stratton (43212725),Hunter Stratton,43212725,P,4000,TOR@ATL 06/04/2026 07:15PM ET,ATL,3.65
,,,,,,,,,,,RP,Louis Varland (43212735),Louis Varland,43212735,P,4000,TOR@ATL 06/04/2026 07:15PM ET,TOR,4.93
,,,,,,,,,,,RP,Joe Mantiply (43212739),Joe Mantiply,43212739,P,4000,TOR@ATL 06/04/2026 07:15PM ET,TOR,3.24
,,,,,,,,,,,RP,Dylan Dodd (43212745),Dylan Dodd,43212745,P,4000,TOR@ATL 06/04/2026 07:15PM ET,ATL,5.6
,,,,,,,,,,,RP,Danny Young (43212746),Danny Young,43212746,P,4000,TOR@ATL 06/04/2026 07:15PM ET,ATL,0
,,,,,,,,,,,RP,Austin Pope (43212747),Austin Pope,43212747,P,4000,TOR@ATL 06/04/2026 07:15PM ET,ATL,0
,,,,,,,,,,,RP,Tayler Scott (43212749),Tayler Scott,43212749,P,4000,TOR@ATL 06/04/2026 07:15PM ET,ATL,0
,,,,,,,,,,,RP,Tyler Kinley (43212760),Tyler Kinley,43212760,P,4000,TOR@ATL 06/04/2026 07:15PM ET,ATL,3.34
,,,,,,,,,,,RP,Dylan Lee (43212766),Dylan Lee,43212766,P,4000,TOR@ATL 06/04/2026 07:15PM ET,ATL,4.27
,,,,,,,,,,,RP,Hayden Harris (43212768),Hayden Harris,43212768,P,4000,TOR@ATL 06/04/2026 07:15PM ET,ATL,0
,,,,,,,,,,,RP,Tanner Andrews (43212771),Tanner Andrews,43212771,P,4000,TOR@ATL 06/04/2026 07:15PM ET,TOR,3.48
,,,,,,,,,,,RP,James McArthur (43212634),James McArthur,43212634,P,4000,KC@MIN 06/04/2026 07:40PM ET,KC,0
,,,,,,,,,,,RP,Beck Way (43212640),Beck Way,43212640,P,4000,KC@MIN 06/04/2026 07:40PM ET,KC,0
,,,,,,,,,,,RP,Eli Morgan (43212653),Eli Morgan,43212653,P,4000,KC@MIN 06/04/2026 07:40PM ET,KC,2.07
,,,,,,,,,,,RP,John Klein (43212657),John Klein,43212657,P,4000,KC@MIN 06/04/2026 07:40PM ET,MIN,1.85
,,,,,,,,,,,RP,Justin Lawrence (43212658),Justin Lawrence,43212658,P,4000,KC@MIN 06/04/2026 07:40PM ET,MIN,2.22
,,,,,,,,,,,RP,Taylor Rogers (43212674),Taylor Rogers,43212674,P,4000,KC@MIN 06/04/2026 07:40PM ET,MIN,1.82
,,,,,,,,,,,RP,Matt Strahm (43212679),Matt Strahm,43212679,P,4000,KC@MIN 06/04/2026 07:40PM ET,KC,2.62
,,,,,,,,,,,RP,Eric Cerantola (43212684),Eric Cerantola,43212684,P,4000,KC@MIN 06/04/2026 07:40PM ET,KC,3.6
,,,,,,,,,,,RP,Nick Mears (43212688),Nick Mears,43212688,P,4000,KC@MIN 06/04/2026 07:40PM ET,KC,2.00
,,,,,,,,,,,RP,Carlos Estevez (43212693),Carlos Estevez,43212693,P,4000,KC@MIN 06/04/2026 07:40PM ET,KC,-14.85
,,,,,,,,,,,RP,Andrew Morris (43212696),Andrew Morris,43212696,P,4000,KC@MIN 06/04/2026 07:40PM ET,MIN,3.41
,,,,,,,,,,,RP,Anthony Banda (43212700),Anthony Banda,43212700,P,4000,KC@MIN 06/04/2026 07:40PM ET,MIN,1.97
,,,,,,,,,,,RP,Steven Cruz (43212707),Steven Cruz,43212707,P,4000,KC@MIN 06/04/2026 07:40PM ET,KC,2.14
,,,,,,,,,,,RP,Cody Laweryson (43212709),Cody Laweryson,43212709,P,4000,KC@MIN 06/04/2026 07:40PM ET,MIN,3.16
,,,,,,,,,,,RP,Alex Lange (43212710),Alex Lange,43212710,P,4000,KC@MIN 06/04/2026 07:40PM ET,KC,2.69
,,,,,,,,,,,RP,Eric Orze (43212717),Eric Orze,43212717,P,4000,KC@MIN 06/04/2026 07:40PM ET,MIN,3.27
,,,,,,,,,,,RP,Cole Sands (43212720),Cole Sands,43212720,P,4000,KC@MIN 06/04/2026 07:40PM ET,MIN,2.55
,,,,,,,,,,,RP,Garrett Acton (43212722),Garrett Acton,43212722,P,4000,KC@MIN 06/04/2026 07:40PM ET,MIN,7.05
,,,,,,,,,,,RP,Lucas Erceg (43212732),Lucas Erceg,43212732,P,4000,KC@MIN 06/04/2026 07:40PM ET,KC,1.83
,,,,,,,,,,,RP,John Schreiber (43212737),John Schreiber,43212737,P,4000,KC@MIN 06/04/2026 07:40PM ET,KC,1.82
,,,,,,,,,,,RP,Kody Funderburk (43212767),Kody Funderburk,43212767,P,4000,KC@MIN 06/04/2026 07:40PM ET,MIN,1.61
,,,,,,,,,,,2B,Jose Altuve (43212442),Jose Altuve,43212442,2B,4000,PIT@HOU 06/04/2026 08:10PM ET,HOU,6.93
,,,,,,,,,,,RP,Chris Devenski (43212651),Chris Devenski,43212651,P,4000,PIT@HOU 06/04/2026 08:10PM ET,PIT,1.42
,,,,,,,,,,,RP,Steven Okert (43212659),Steven Okert,43212659,P,4000,PIT@HOU 06/04/2026 08:10PM ET,HOU,2.39
,,,,,,,,,,,RP,Alimber Santa (43212665),Alimber Santa,43212665,P,4000,PIT@HOU 06/04/2026 08:10PM ET,HOU,5.08
,,,,,,,,,,,RP,Bryan Abreu (43212667),Bryan Abreu,43212667,P,4000,PIT@HOU 06/04/2026 08:10PM ET,HOU,1.90
,,,,,,,,,,,RP,Cam Sanders (43212681),Cam Sanders,43212681,P,4000,PIT@HOU 06/04/2026 08:10PM ET,PIT,1.72
,,,,,,,,,,,RP,Brandan Bidois (43212686),Brandan Bidois,43212686,P,4000,PIT@HOU 06/04/2026 08:10PM ET,PIT,2.98
,,,,,,,,,,,RP,Josh Hader (43212699),Josh Hader,43212699,P,4000,PIT@HOU 06/04/2026 08:10PM ET,HOU,3.65
,,,,,,,,,,,RP,Evan Sisk (43212702),Evan Sisk,43212702,P,4000,PIT@HOU 06/04/2026 08:10PM ET,PIT,4.33
,,,,,,,,,,,RP,Gregory Soto (43212718),Gregory Soto,43212718,P,4000,PIT@HOU 06/04/2026 08:10PM ET,PIT,3.92
,,,,,,,,,,,RP,Yohan Ramirez (43212729),Yohan Ramirez,43212729,P,4000,PIT@HOU 06/04/2026 08:10PM ET,PIT,3.59
,,,,,,,,,,,RP,Bennett Sousa (43212730),Bennett Sousa,43212730,P,4000,PIT@HOU 06/04/2026 08:10PM ET,HOU,0.94
,,,,,,,,,,,RP,Jayden Murray (43212736),Jayden Murray,43212736,P,4000,PIT@HOU 06/04/2026 08:10PM ET,HOU,0.53
,,,,,,,,,,,RP,Isaac Mattson (43212751),Isaac Mattson,43212751,P,4000,PIT@HOU 06/04/2026 08:10PM ET,PIT,1.82
,,,,,,,,,,,RP,Dennis Santana (43212752),Dennis Santana,43212752,P,4000,PIT@HOU 06/04/2026 08:10PM ET,PIT,1.79
,,,,,,,,,,,RP,Mason Montgomery (43212759),Mason Montgomery,43212759,P,4000,PIT@HOU 06/04/2026 08:10PM ET,PIT,3.17
,,,,,,,,,,,RP,Bryan King (43212761),Bryan King,43212761,P,4000,PIT@HOU 06/04/2026 08:10PM ET,HOU,2.63
,,,,,,,,,,,RP,Logan VanWey (43212770),Logan VanWey,43212770,P,4000,PIT@HOU 06/04/2026 08:10PM ET,HOU,5.38
,,,,,,,,,,,RP,Enyel De Los Santos (43212772),Enyel De Los Santos,43212772,P,4000,PIT@HOU 06/04/2026 08:10PM ET,HOU,2.92
,,,,,,,,,,,OF,Ian Happ (43212327),Ian Happ,43212327,OF,4000,ATH@CHC 06/04/2026 08:05PM ET,CHC,8.71
,,,,,,,,,,,3B,Alex Bregman (43212329),Alex Bregman,43212329,3B,4000,ATH@CHC 06/04/2026 08:05PM ET,CHC,6.69
,,,,,,,,,,,SP,Braden Nett (43212638),Braden Nett,43212638,P,4000,ATH@CHC 06/04/2026 08:05PM ET,ATH,0
,,,,,,,,,,,RP,Kade Morris (43212639),Kade Morris,43212639,P,4000,ATH@CHC 06/04/2026 08:05PM ET,ATH,0
,,,,,,,,,,,SP,Chen Zhong-Ao Zhuang (43212645),Chen Zhong-Ao Zhuang,43212645,P,4000,ATH@CHC 06/04/2026 08:05PM ET,ATH,0
,,,,,,,,,,,SP,Henry Baez (43212646),Henry Baez,43212646,P,4000,ATH@CHC 06/04/2026 08:05PM ET,ATH,0
,,,,,,,,,,,RP,Riley Martin (43212650),Riley Martin,43212650,P,4000,ATH@CHC 06/04/2026 08:05PM ET,CHC,3.82
,,,,,,,,,,,RP,Scott Barlow (43212654),Scott Barlow,43212654,P,4000,ATH@CHC 06/04/2026 08:05PM ET,ATH,2.60
,,,,,,,,,,,RP,Doug Nikhazy (43212660),Doug Nikhazy,43212660,P,4000,ATH@CHC 06/04/2026 08:05PM ET,CHC,2.7
,,,,,,,,,,,RP,Christian Roa (43212661),Christian Roa,43212661,P,4000,ATH@CHC 06/04/2026 08:05PM ET,CHC,1.36
,,,,,,,,,,,RP,Daniel Palencia (43212673),Daniel Palencia,43212673,P,4000,ATH@CHC 06/04/2026 08:05PM ET,CHC,3.10
,,,,,,,,,,,RP,Luke Little (43212677),Luke Little,43212677,P,4000,ATH@CHC 06/04/2026 08:05PM ET,CHC,1.05
,,,,,,,,,,,RP,Joel Kuhnel (43212683),Joel Kuhnel,43212683,P,4000,ATH@CHC 06/04/2026 08:05PM ET,ATH,2.31
,,,,,,,,,,,RP,Ryan Rolison (43212685),Ryan Rolison,43212685,P,4000,ATH@CHC 06/04/2026 08:05PM ET,CHC,3.70
,,,,,,,,,,,RP,Hunter Harvey (43212706),Hunter Harvey,43212706,P,4000,ATH@CHC 06/04/2026 08:05PM ET,CHC,1.85
,,,,,,,,,,,RP,Caleb Thielbar (43212708),Caleb Thielbar,43212708,P,4000,ATH@CHC 06/04/2026 08:05PM ET,CHC,2.75
,,,,,,,,,,,RP,Justin Sterner (43212712),Justin Sterner,43212712,P,4000,ATH@CHC 06/04/2026 08:05PM ET,ATH,2.96
,,,,,,,,,,,RP,Shelby Miller (43212713),Shelby Miller,43212713,P,4000,ATH@CHC 06/04/2026 08:05PM ET,CHC,0
,,,,,,,,,,,RP,Brady Basso (43212721),Brady Basso,43212721,P,4000,ATH@CHC 06/04/2026 08:05PM ET,ATH,0.13
,,,,,,,,,,,RP,Trent Thornton (43212727),Trent Thornton,43212727,P,4000,ATH@CHC 06/04/2026 08:05PM ET,CHC,3.76
,,,,,,,,,,,RP,Phil Maton (43212728),Phil Maton,43212728,P,4000,ATH@CHC 06/04/2026 08:05PM ET,CHC,1.60
,,,,,,,,,,,RP,Elvis Alvarado (43212731),Elvis Alvarado,43212731,P,4000,ATH@CHC 06/04/2026 08:05PM ET,ATH,1.90
,,,,,,,,,,,RP,Jacob Webb (43212733),Jacob Webb,43212733,P,4000,ATH@CHC 06/04/2026 08:05PM ET,CHC,3.51
,,,,,,,,,,,RP,Luis Peralta (43212738),Luis Peralta,43212738,P,4000,ATH@CHC 06/04/2026 08:05PM ET,CHC,0
,,,,,,,,,,,RP,Mark Leiter Jr. (43212740),Mark Leiter Jr.,43212740,P,4000,ATH@CHC 06/04/2026 08:05PM ET,ATH,2.05
,,,,,,,,,,,RP,Gavin Hollowell (43212742),Gavin Hollowell,43212742,P,4000,ATH@CHC 06/04/2026 08:05PM ET,CHC,-1.85
,,,,,,,,,,,RP,Tyler Ferguson (43212748),Tyler Ferguson,43212748,P,4000,ATH@CHC 06/04/2026 08:05PM ET,CHC,-5.4
,,,,,,,,,,,RP,Hoby Milner (43212750),Hoby Milner,43212750,P,4000,ATH@CHC 06/04/2026 08:05PM ET,CHC,2.27
,,,,,,,,,,,RP,Ethan Roberts (43212753),Ethan Roberts,43212753,P,4000,ATH@CHC 06/04/2026 08:05PM ET,CHC,3.39
,,,,,,,,,,,RP,Porter Hodge (43212755),Porter Hodge,43212755,P,4000,ATH@CHC 06/04/2026 08:05PM ET,CHC,0
,,,,,,,,,,,RP,Mason Barnett (43212758),Mason Barnett,43212758,P,4000,ATH@CHC 06/04/2026 08:05PM ET,ATH,4.7
,,,,,,,,,,,RP,Michael Kelly (43212764),Michael Kelly,43212764,P,4000,ATH@CHC 06/04/2026 08:05PM ET,ATH,-1.11
,,,,,,,,,,,RP,Brooks Kriske (43212765),Brooks Kriske,43212765,P,4000,ATH@CHC 06/04/2026 08:05PM ET,ATH,4.1
,,,,,,,,,,,1B/2B,Ildemaro Vargas (43212334),Ildemaro Vargas,43212334,1B/2B,3900,LAD@ARI 06/04/2026 09:40PM ET,ARI,7.67
,,,,,,,,,,,C,Alejandro Kirk (43212443),Alejandro Kirk,43212443,C,3900,TOR@ATL 06/04/2026 07:15PM ET,TOR,6
,,,,,,,,,,,SS,Jeremy Pena (43212333),Jeremy Pena,43212333,SS,3900,PIT@HOU 06/04/2026 08:10PM ET,HOU,8.44
,,,,,,,,,,,1B,Vinnie Pasquantino (43212337),Vinnie Pasquantino,43212337,1B,3800,KC@MIN 06/04/2026 07:40PM ET,KC,6.39
,,,,,,,,,,,OF,Carlos Cortes (43212336),Carlos Cortes,43212336,OF,3800,ATH@CHC 06/04/2026 08:05PM ET,ATH,6.26
,,,,,,,,,,,3B,Zack Gelof (43212338),Zack Gelof,43212338,3B,3800,ATH@CHC 06/04/2026 08:05PM ET,ATH,6.78
,,,,,,,,,,,3B,Nolan Arenado (43212341),Nolan Arenado,43212341,3B,3700,LAD@ARI 06/04/2026 09:40PM ET,ARI,7.11
,,,,,,,,,,,C,Gabriel Moreno (43212342),Gabriel Moreno,43212342,C,3700,LAD@ARI 06/04/2026 09:40PM ET,ARI,6.76
,,,,,,,,,,,OF,Trevor Larnach (43212339),Trevor Larnach,43212339,OF,3700,KC@MIN 06/04/2026 07:40PM ET,MIN,6.24
,,,,,,,,,,,1B,Spencer Horwitz (43212340),Spencer Horwitz,43212340,1B,3700,PIT@HOU 06/04/2026 08:10PM ET,PIT,6.98
,,,,,,,,,,,3B,Max Muncy (43212444),Max Muncy,43212444,3B,3700,ATH@CHC 06/04/2026 08:05PM ET,ATH,6.69
,,,,,,,,,,,OF,Austin Martin (43212343),Austin Martin,43212343,OF,3600,KC@MIN 06/04/2026 07:40PM ET,MIN,6.07
,,,,,,,,,,,3B,Brooks Lee (43212344),Brooks Lee,43212344,3B,3600,KC@MIN 06/04/2026 07:40PM ET,MIN,6.93
,,,,,,,,,,,C,Endy Rodriguez (43212345),Endy Rodriguez,43212345,C,3600,PIT@HOU 06/04/2026 08:10PM ET,PIT,8
,,,,,,,,,,,OF,Daulton Varsho (43212346),Daulton Varsho,43212346,OF,3500,TOR@ATL 06/04/2026 07:15PM ET,TOR,6.56
,,,,,,,,,,,3B,Kazuma Okamoto (43212347),Kazuma Okamoto,43212347,3B,3500,TOR@ATL 06/04/2026 07:15PM ET,TOR,7.22
,,,,,,,,,,,C,Salvador Perez (43212348),Salvador Perez,43212348,C,3500,KC@MIN 06/04/2026 07:40PM ET,KC,5.83
,,,,,,,,,,,SS,Jacob Wilson (43212445),Jacob Wilson,43212445,SS,3500,ATH@CHC 06/04/2026 08:05PM ET,ATH,6.97
,,,,,,,,,,,2B,Tommy Edman (43212446),Tommy Edman,43212446,2B,3400,LAD@ARI 06/04/2026 09:40PM ET,LAD,0
,,,,,,,,,,,2B,Luke Keaschall (43212350),Luke Keaschall,43212350,2B,3400,KC@MIN 06/04/2026 07:40PM ET,MIN,6.64
,,,,,,,,,,,C,Carter Jensen (43212353),Carter Jensen,43212353,C,3400,KC@MIN 06/04/2026 07:40PM ET,KC,5.68
,,,,,,,,,,,3B,Nick Gonzales (43212349),Nick Gonzales,43212349,3B,3400,PIT@HOU 06/04/2026 08:10PM ET,PIT,7.14
,,,,,,,,,,,OF,Jake Mangum (43212351),Jake Mangum,43212351,OF,3400,PIT@HOU 06/04/2026 08:10PM ET,PIT,5.49
,,,,,,,,,,,SS,Dansby Swanson (43212352),Dansby Swanson,43212352,SS,3400,ATH@CHC 06/04/2026 08:05PM ET,CHC,6.49
,,,,,,,,,,,1B/3B,Jose Fernandez (43212354),Jose Fernandez,43212354,1B/3B,3300,LAD@ARI 06/04/2026 09:40PM ET,ARI,5.18
,,,,,,,,,,,3B/OF,Kike Hernandez (43212447),Kike Hernandez,43212447,3B/OF,3300,LAD@ARI 06/04/2026 09:40PM ET,LAD,15.5
,,,,,,,,,,,2B,Ernie Clement (43212359),Ernie Clement,43212359,2B,3300,TOR@ATL 06/04/2026 07:15PM ET,TOR,6.66
,,,,,,,,,,,OF,Mike Yastrzemski (43212360),Mike Yastrzemski,43212360,OF,3300,TOR@ATL 06/04/2026 07:15PM ET,ATL,5.05
,,,,,,,,,,,1B/OF,Kody Clemens (43212357),Kody Clemens,43212357,1B/OF,3300,KC@MIN 06/04/2026 07:40PM ET,MIN,6.54
,,,,,,,,,,,OF/SS,Ryan Kreidler (43212361),Ryan Kreidler,43212361,SS/OF,3300,KC@MIN 06/04/2026 07:40PM ET,MIN,5.14
,,,,,,,,,,,C,Yainer Diaz (43212449),Yainer Diaz,43212449,C,3300,PIT@HOU 06/04/2026 08:10PM ET,HOU,5.65
,,,,,,,,,,,OF,Michael Conforto (43212356),Michael Conforto,43212356,OF,3300,ATH@CHC 06/04/2026 08:05PM ET,CHC,4.92
,,,,,,,,,,,C,Moises Ballesteros (43212363),Moises Ballesteros,43212363,C,3300,ATH@CHC 06/04/2026 08:05PM ET,CHC,4.94
,,,,,,,,,,,OF,Ryan Waldschmidt (43212364),Ryan Waldschmidt,43212364,OF,3200,LAD@ARI 06/04/2026 09:40PM ET,ARI,6.28
,,,,,,,,,,,OF,Alex Call (43212366),Alex Call,43212366,OF,3200,LAD@ARI 06/04/2026 09:40PM ET,LAD,4.61
,,,,,,,,,,,OF,Lourdes Gurriel Jr. (43212450),Lourdes Gurriel Jr.,43212450,OF,3200,LAD@ARI 06/04/2026 09:40PM ET,ARI,5.4
,,,,,,,,,,,SS,Andres Gimenez (43212367),Andres Gimenez,43212367,SS,3200,TOR@ATL 06/04/2026 07:15PM ET,TOR,5.63
,,,,,,,,,,,OF,Marcell Ozuna (43212368),Marcell Ozuna,43212368,OF,3200,PIT@HOU 06/04/2026 08:10PM ET,PIT,5.49
,,,,,,,,,,,OF,Colby Thomas (43212365),Colby Thomas,43212365,OF,3200,ATH@CHC 06/04/2026 08:05PM ET,ATH,4
,,,,,,,,,,,C,Carson Kelly (43212369),Carson Kelly,43212369,C,3200,ATH@CHC 06/04/2026 08:05PM ET,CHC,5.67
,,,,,,,,,,,2B,Alex Freeland (43212374),Alex Freeland,43212374,2B,3100,LAD@ARI 06/04/2026 09:40PM ET,LAD,5.23
,,,,,,,,,,,C,Adrian Del Castillo (43212375),Adrian Del Castillo,43212375,C,3100,LAD@ARI 06/04/2026 09:40PM ET,ARI,5
,,,,,,,,,,,OF/SS,Mauricio Dubon (43212371),Mauricio Dubon,43212371,SS/OF,3100,TOR@ATL 06/04/2026 07:15PM ET,ATL,6.29
,,,,,,,,,,,C,Sean Murphy (43212452),Sean Murphy,43212452,C,3100,TOR@ATL 06/04/2026 07:15PM ET,ATL,1.25
,,,,,,,,,,,OF,Jac Caglianone (43212373),Jac Caglianone,43212373,OF,3100,KC@MIN 06/04/2026 07:40PM ET,KC,5.63
,,,,,,,,,,,2B,Jonathan India (43212453),Jonathan India,43212453,2B,3100,KC@MIN 06/04/2026 07:40PM ET,KC,5.41
,,,,,,,,,,,OF,Joey Loperfido (43212451),Joey Loperfido,43212451,OF,3100,PIT@HOU 06/04/2026 08:10PM ET,HOU,5
,,,,,,,,,,,OF,Henry Bolte (43212370),Henry Bolte,43212370,OF,3100,ATH@CHC 06/04/2026 08:05PM ET,ATH,5.47
,,,,,,,,,,,OF,Jesus Sanchez (43212377),Jesus Sanchez,43212377,OF,3000,TOR@ATL 06/04/2026 07:15PM ET,TOR,5.58
,,,,,,,,,,,SS,Jorge Mateo (43212380),Jorge Mateo,43212380,SS,3000,TOR@ATL 06/04/2026 07:15PM ET,ATL,5.84
,,,,,,,,,,,C,Brandon Valenzuela (43212384),Brandon Valenzuela,43212384,C,3000,TOR@ATL 06/04/2026 07:15PM ET,TOR,5.02
,,,,,,,,,,,1B,Josh Bell (43212378),Josh Bell,43212378,1B,3000,KC@MIN 06/04/2026 07:40PM ET,MIN,6.32
,,,,,,,,,,,OF,Isaac Collins (43212381),Isaac Collins,43212381,OF,3000,KC@MIN 06/04/2026 07:40PM ET,KC,5.42
,,,,,,,,,,,3B,Royce Lewis (43212456),Royce Lewis,43212456,3B,3000,KC@MIN 06/04/2026 07:40PM ET,MIN,5.45
,,,,,,,,,,,3B,Isaac Paredes (43212376),Isaac Paredes,43212376,3B,3000,PIT@HOU 06/04/2026 08:10PM ET,HOU,6.56
,,,,,,,,,,,2B/OF,Brice Matthews (43212382),Brice Matthews,43212382,2B/OF,3000,PIT@HOU 06/04/2026 08:10PM ET,HOU,4.33
,,,,,,,,,,,3B/OF,Shay Whitcomb (43212454),Shay Whitcomb,43212454,3B/OF,3000,PIT@HOU 06/04/2026 08:10PM ET,HOU,1.79
,,,,,,,,,,,OF,Lawrence Butler (43212379),Lawrence Butler,43212379,OF,3000,ATH@CHC 06/04/2026 08:05PM ET,ATH,3.98
,,,,,,,,,,,3B/SS,Tristan Gray (43212385),Tristan Gray,43212385,3B/SS,2900,KC@MIN 06/04/2026 07:40PM ET,MIN,5.94
,,,,,,,,,,,2B,Jeff McNeil (43212387),Jeff McNeil,43212387,2B,2900,ATH@CHC 06/04/2026 08:05PM ET,ATH,4.88
,,,,,,,,,,,C,Miguel Amaya (43212388),Miguel Amaya,43212388,C,2900,ATH@CHC 06/04/2026 08:05PM ET,CHC,4.69
,,,,,,,,,,,1B,Pavin Smith (43212389),Pavin Smith,43212389,1B,2800,LAD@ARI 06/04/2026 09:40PM ET,ARI,3
,,,,,,,,,,,2B,Charles McAdoo (43212391),Charles McAdoo,43212391,2B,2800,TOR@ATL 06/04/2026 07:15PM ET,TOR,9.5
,,,,,,,,,,,3B/OF,Addison Barger (43212457),Addison Barger,43212457,3B/OF,2800,TOR@ATL 06/04/2026 07:15PM ET,TOR,2.56
,,,,,,,,,,,OF,Anthony Santander (43212461),Anthony Santander,43212461,OF,2800,TOR@ATL 06/04/2026 07:15PM ET,TOR,0
,,,,,,,,,,,C,Christian Vazquez (43212390),Christian Vazquez,43212390,C,2800,PIT@HOU 06/04/2026 08:10PM ET,HOU,5.12
,,,,,,,,,,,2B/3B,Braden Shewmake (43212459),Braden Shewmake,43212459,2B/3B,2800,PIT@HOU 06/04/2026 08:10PM ET,HOU,4.18
,,,,,,,,,,,OF,Alek Thomas (43212462),Alek Thomas,43212462,OF,2700,LAD@ARI 06/04/2026 09:40PM ET,LAD,5.61
,,,,,,,,,,,OF,Nathan Lukes (43212396),Nathan Lukes,43212396,OF,2700,TOR@ATL 06/04/2026 07:15PM ET,TOR,5.39
,,,,,,,,,,,C,Victor Caratini (43212392),Victor Caratini,43212392,C,2700,KC@MIN 06/04/2026 07:40PM ET,MIN,4.47
,,,,,,,,,,,2B,Michael Massey (43212393),Michael Massey,43212393,2B,2700,KC@MIN 06/04/2026 07:40PM ET,KC,5.04
,,,,,,,,,,,OF,Lane Thomas (43212397),Lane Thomas,43212397,OF,2700,KC@MIN 06/04/2026 07:40PM ET,KC,4.27
,,,,,,,,,,,OF,Matt Wallner (43212463),Matt Wallner,43212463,OF,2700,KC@MIN 06/04/2026 07:40PM ET,MIN,5.06
,,,,,,,,,,,OF,Jake Meyers (43212394),Jake Meyers,43212394,OF,2700,PIT@HOU 06/04/2026 08:10PM ET,HOU,4.88
,,,,,,,,,,,SS,Darell Hernaiz (43212395),Darell Hernaiz,43212395,SS,2700,ATH@CHC 06/04/2026 08:05PM ET,ATH,4.04
,,,,,,,,,,,2B/SS,Miguel Rojas (43212399),Miguel Rojas,43212399,2B/SS,2600,LAD@ARI 06/04/2026 09:40PM ET,LAD,3.53
,,,,,,,,,,,OF,Yohendrick Pinango (43212402),Yohendrick Pinango,43212402,OF,2600,TOR@ATL 06/04/2026 07:15PM ET,TOR,5.52
,,,,,,,,,,,C,Maverick Handley (43212464),Maverick Handley,43212464,C,2600,TOR@ATL 06/04/2026 07:15PM ET,ATL,0
,,,,,,,,,,,OF,Starling Marte (43212403),Starling Marte,43212403,OF,2600,KC@MIN 06/04/2026 07:40PM ET,KC,3
,,,,,,,,,,,C,Henry Davis (43212398),Henry Davis,43212398,C,2600,PIT@HOU 06/04/2026 08:10PM ET,PIT,4.40
,,,,,,,,,,,OF,Cam Smith (43212401),Cam Smith,43212401,OF,2600,PIT@HOU 06/04/2026 08:10PM ET,HOU,6.36
,,,,,,,,,,,OF,Ryan Ward (43212406),Ryan Ward,43212406,OF,2500,LAD@ARI 06/04/2026 09:40PM ET,LAD,5.5
,,,,,,,,,,,OF,Jorge Barrosa (43212408),Jorge Barrosa,43212408,OF,2500,LAD@ARI 06/04/2026 09:40PM ET,ARI,3.07
,,,,,,,,,,,2B,Hyeseong Kim (43212465),Hyeseong Kim,43212465,2B,2500,LAD@ARI 06/04/2026 09:40PM ET,LAD,4.91
,,,,,,,,,,,1B,Carlos Santana (43212466),Carlos Santana,43212466,1B,2500,LAD@ARI 06/04/2026 09:40PM ET,ARI,1.75
,,,,,,,,,,,OF,Myles Straw (43212411),Myles Straw,43212411,OF,2500,TOR@ATL 06/04/2026 07:15PM ET,TOR,3.04
,,,,,,,,,,,1B/2B,Orlando Arcia (43212404),Orlando Arcia,43212404,1B/2B,2500,KC@MIN 06/04/2026 07:40PM ET,MIN,3.9
,,,,,,,,,,,OF,James Outman (43212409),James Outman,43212409,OF,2500,KC@MIN 06/04/2026 07:40PM ET,MIN,2.06
,,,,,,,,,,,OF,Gabriel Gonzalez (43212468),Gabriel Gonzalez,43212468,OF,2500,KC@MIN 06/04/2026 07:40PM ET,MIN,9
,,,,,,,,,,,OF,Taylor Trammell (43212407),Taylor Trammell,43212407,OF,2500,PIT@HOU 06/04/2026 08:10PM ET,HOU,5.56
,,,,,,,,,,,OF,Jhostynxon Garcia (43212410),Jhostynxon Garcia,43212410,OF,2500,PIT@HOU 06/04/2026 08:10PM ET,PIT,3.18
,,,,,,,,,,,OF,Rhylan Thomas (43212467),Rhylan Thomas,43212467,OF,2500,PIT@HOU 06/04/2026 08:10PM ET,HOU,0
,,,,,,,,,,,C,Jonah Heim (43212412),Jonah Heim,43212412,C,2500,ATH@CHC 06/04/2026 08:05PM ET,ATH,5.30
,,,,,,,,,,,3B/OF,Jordan Lawlar (43212469),Jordan Lawlar,43212469,3B/OF,2400,LAD@ARI 06/04/2026 09:40PM ET,ARI,7.67
,,,,,,,,,,,C,Chadwick Tromp (43212413),Chadwick Tromp,43212413,C,2400,TOR@ATL 06/04/2026 07:15PM ET,ATL,2.08
,,,,,,,,,,,OF,Kyle Isbel (43212415),Kyle Isbel,43212415,OF,2400,KC@MIN 06/04/2026 07:40PM ET,KC,4.75
,,,,,,,,,,,OF,Kameron Misner (43212471),Kameron Misner,43212471,OF,2400,KC@MIN 06/04/2026 07:40PM ET,KC,0
,,,,,,,,,,,2B,Pedro Ramirez (43212414),Pedro Ramirez,43212414,2B,2400,ATH@CHC 06/04/2026 08:05PM ET,CHC,2.33
,,,,,,,,,,,OF,Tommy Troy (43212419),Tommy Troy,43212419,OF,2300,LAD@ARI 06/04/2026 09:40PM ET,ARI,5.9
,,,,,,,,,,,C,Aramis Garcia (43212424),Aramis Garcia,43212424,C,2300,LAD@ARI 06/04/2026 09:40PM ET,ARI,1.67
,,,,,,,,,,,2B/OF,Tyler Fitzgerald (43212472),Tyler Fitzgerald,43212472,2B/OF,2300,LAD@ARI 06/04/2026 09:40PM ET,LAD,0
,,,,,,,,,,,OF,Tim Tawa (43212474),Tim Tawa,43212474,OF,2300,LAD@ARI 06/04/2026 09:40PM ET,ARI,2.93
,,,,,,,,,,,OF,Eli White (43212420),Eli White,43212420,OF,2300,TOR@ATL 06/04/2026 07:15PM ET,ATL,3.88
,,,,,,,,,,,1B/2B,Lenyn Sosa (43212476),Lenyn Sosa,43212476,1B/2B,2300,TOR@ATL 06/04/2026 07:15PM ET,TOR,3.28
,,,,,,,,,,,OF,Tyler Tolbert (43212421),Tyler Tolbert,43212421,OF,2300,KC@MIN 06/04/2026 07:40PM ET,KC,2.21
,,,,,,,,,,,2B/3B,Nick Loftin (43212422),Nick Loftin,43212422,2B/3B,2300,KC@MIN 06/04/2026 07:40PM ET,KC,5.17
,,,,,,,,,,,2B/SS,Nick Allen (43212416),Nick Allen,43212416,2B/SS,2300,PIT@HOU 06/04/2026 08:10PM ET,HOU,3.12
,,,,,,,,,,,OF,Zach Cole (43212418),Zach Cole,43212418,OF,2300,PIT@HOU 06/04/2026 08:10PM ET,HOU,3.95
,,,,,,,,,,,OF,Esmerlyn Valdez (43212475),Esmerlyn Valdez,43212475,OF,2300,PIT@HOU 06/04/2026 08:10PM ET,PIT,7.6
,,,,,,,,,,,C,Alex Jackson (43212426),Alex Jackson,43212426,C,2200,KC@MIN 06/04/2026 07:40PM ET,MIN,4.2
,,,,,,,,,,,OF,Zach Dezenzo (43212425),Zach Dezenzo,43212425,OF,2200,PIT@HOU 06/04/2026 08:10PM ET,HOU,3.05
,,,,,,,,,,,3B/SS,Jared Triolo (43212427),Jared Triolo,43212427,3B/SS,2200,PIT@HOU 06/04/2026 08:10PM ET,PIT,3.8
,,,,,,,,,,,OF,Justin Dean (43212478),Justin Dean,43212478,OF,2200,ATH@CHC 06/04/2026 08:05PM ET,CHC,0
,,,,,,,,,,,2B/3B,Santiago Espinal (43212429),Santiago Espinal,43212429,2B/3B,2100,LAD@ARI 06/04/2026 09:40PM ET,LAD,2.07
,,,,,,,,,,,SS,Ha-Seong Kim (43212431),Ha-Seong Kim,43212431,SS,2100,TOR@ATL 06/04/2026 07:15PM ET,ATL,3.14
,,,,,,,,,,,C,Tyler Heineman (43212432),Tyler Heineman,43212432,C,2100,TOR@ATL 06/04/2026 07:15PM ET,TOR,2.23
,,,,,,,,,,,1B,Tyler Locklear (43212479),Tyler Locklear,43212479,1B,2000,LAD@ARI 06/04/2026 09:40PM ET,ARI,0
,,,,,,,,,,,C,James McCann (43212480),James McCann,43212480,C,2000,LAD@ARI 06/04/2026 09:40PM ET,ARI,2.82
,,,,,,,,,,,3B/OF,Nick Senzel (43212486),Nick Senzel,43212486,3B/OF,2000,LAD@ARI 06/04/2026 09:40PM ET,LAD,0
,,,,,,,,,,,C,Sandy Leon (43212435),Sandy Leon,43212435,C,2000,TOR@ATL 06/04/2026 07:15PM ET,ATL,0.43
,,,,,,,,,,,1B/3B,Juan Yepez (43212483),Juan Yepez,43212483,1B/3B,2000,TOR@ATL 06/04/2026 07:15PM ET,TOR,0
,,,,,,,,,,,OF,Jurickson Profar (43212491),Jurickson Profar,43212491,OF,2000,TOR@ATL 06/04/2026 07:15PM ET,ATL,0
,,,,,,,,,,,C,Willie MacIver (43212493),Willie MacIver,43212493,C,2000,TOR@ATL 06/04/2026 07:15PM ET,TOR,0
,,,,,,,,,,,OF,Jonatan Clase (43212496),Jonatan Clase,43212496,OF,2000,TOR@ATL 06/04/2026 07:15PM ET,TOR,0
,,,,,,,,,,,3B,Nacho Alvarez Jr. (43212497),Nacho Alvarez Jr.,43212497,3B,2000,TOR@ATL 06/04/2026 07:15PM ET,ATL,0
,,,,,,,,,,,2B/OF,Davis Schneider (43212503),Davis Schneider,43212503,2B/OF,2000,TOR@ATL 06/04/2026 07:15PM ET,TOR,3.18
,,,,,,,,,,,1B/3B,Kyle Farmer (43212509),Kyle Farmer,43212509,1B/3B,2000,TOR@ATL 06/04/2026 07:15PM ET,ATL,2.4
,,,,,,,,,,,SS,Jim Jarvis (43212512),Jim Jarvis,43212512,SS,2000,TOR@ATL 06/04/2026 07:15PM ET,ATL,1.5
,,,,,,,,,,,OF,Emmanuel Rodriguez (43212482),Emmanuel Rodriguez,43212482,OF,2000,KC@MIN 06/04/2026 07:40PM ET,MIN,0
,,,,,,,,,,,OF,Hendry Mendez (43212488),Hendry Mendez,43212488,OF,2000,KC@MIN 06/04/2026 07:40PM ET,MIN,0
,,,,,,,,,,,OF,Alan Roden (43212495),Alan Roden,43212495,OF,2000,KC@MIN 06/04/2026 07:40PM ET,MIN,0
,,,,,,,,,,,OF,Matthew Lugo (43212508),Matthew Lugo,43212508,OF,2000,KC@MIN 06/04/2026 07:40PM ET,KC,0
,,,,,,,,,,,OF,John Rave (43212511),John Rave,43212511,OF,2000,KC@MIN 06/04/2026 07:40PM ET,KC,0
,,,,,,,,,,,OF,Tyler Callihan (43212434),Tyler Callihan,43212434,OF,2000,PIT@HOU 06/04/2026 08:10PM ET,PIT,4.33
,,,,,,,,,,,C,Cesar Salazar (43212436),Cesar Salazar,43212436,C,2000,PIT@HOU 06/04/2026 08:10PM ET,HOU,1.44
,,,,,,,,,,,SS,Jack Brannigan (43212485),Jack Brannigan,43212485,SS,2000,PIT@HOU 06/04/2026 08:10PM ET,PIT,0
,,,,,,,,,,,SS,Carlos Correa (43212492),Carlos Correa,43212492,SS,2000,PIT@HOU 06/04/2026 08:10PM ET,HOU,8
,,,,,,,,,,,C,Joey Bart (43212494),Joey Bart,43212494,C,2000,PIT@HOU 06/04/2026 08:10PM ET,PIT,4.62
,,,,,,,,,,,OF,Billy Cook (43212502),Billy Cook,43212502,OF,2000,PIT@HOU 06/04/2026 08:10PM ET,PIT,1.16
,,,,,,,,,,,1B/3B,Nick Yorke (43212505),Nick Yorke,43212505,1B/3B,2000,PIT@HOU 06/04/2026 08:10PM ET,PIT,3.70
,,,,,,,,,,,1B,Rafael Flores (43212507),Rafael Flores,43212507,1B,2000,PIT@HOU 06/04/2026 08:10PM ET,PIT,0
,,,,,,,,,,,OF,Daniel Johnson (43212513),Daniel Johnson,43212513,OF,2000,PIT@HOU 06/04/2026 08:10PM ET,HOU,1.75
,,,,,,,,,,,2B,Alika Williams (43212433),Alika Williams,43212433,2B,2000,ATH@CHC 06/04/2026 08:05PM ET,ATH,1.09
,,,,,,,,,,,OF,Kevin Alcantara (43212437),Kevin Alcantara,43212437,OF,2000,ATH@CHC 06/04/2026 08:05PM ET,CHC,0.62
,,,,,,,,,,,2B,James Triantos (43212481),James Triantos,43212481,2B,2000,ATH@CHC 06/04/2026 08:05PM ET,CHC,0
,,,,,,,,,,,1B/OF,Tyler Austin (43212489),Tyler Austin,43212489,1B/OF,2000,ATH@CHC 06/04/2026 08:05PM ET,CHC,0
,,,,,,,,,,,2B/3B,Matt Shaw (43212498),Matt Shaw,43212498,2B/3B,2000,ATH@CHC 06/04/2026 08:05PM ET,CHC,4.17
,,,,,,,,,,,OF,Denzel Clarke (43212500),Denzel Clarke,43212500,OF,2000,ATH@CHC 06/04/2026 08:05PM ET,ATH,3.04
,,,,,,,,,,,3B,Brett Harris (43212501),Brett Harris,43212501,3B,2000,ATH@CHC 06/04/2026 08:05PM ET,ATH,0.8
